{
  "version": 1,
  "trainedAtIso": "2026-05-03T14:23:51.046Z",
  "window": {
    "maxSignatures": 24
  },
  "featureNames": [
    "coverage",
    "failureRate",
    "uniqueProgramsPerTx",
    "swapRate",
    "tokenRate",
    "nftRate",
    "voteRate",
    "memoRate",
    "topProgramShare"
  ],
  "mean": [
    1,
    0.12031249999999998,
    0.3375,
    0,
    0.6578125,
    0,
    0,
    0.04375,
    0.2559922427191578
  ],
  "std": [
    0,
    0.13613491412473877,
    0.06640573937712178,
    0,
    0.3219200851649969,
    0,
    0,
    0.14281094243011566,
    0.026159484335803736
  ],
  "centroids": [
    [
      0,
      -0.8837740176613259,
      -0.6902013856519744,
      0,
      -1.5256762655290723,
      0,
      0,
      5.528871386866696,
      6.032261901781471
    ],
    [
      0,
      2.789053068723406,
      0.4392190635967109,
      0,
      0.8817535150724753,
      0,
      0,
      -0.24799686959560371,
      0.016922547328597777
    ],
    [
      0,
      -0.8327625303504268,
      -1.8405370284052651,
      0,
      -1.978687245749793,
      0,
      0,
      -0.306349074206334,
      -0.009967958573091054
    ],
    [
      0,
      1.9728692717490208,
      -0.06274558051381647,
      0,
      -0.015639664793334573,
      0,
      0,
      3.6810515741935697,
      -0.8602428450634413
    ],
    [
      0,
      -0.044046457312679956,
      -0.40060639866513215,
      0,
      0.6580689724579948,
      0,
      0,
      -0.209095399855117,
      -0.2464039302007471
    ],
    [
      0,
      -0.4717581586117566,
      0.9749697895223689,
      0,
      -0.639566875646782,
      0,
      0,
      -0.2053548739185317,
      0.2359005740782001
    ]
  ],
  "examplesPerCluster": [
    1,
    5,
    6,
    3,
    39,
    26
  ]
}